name,url,img,desc
galaxy note8 SIMロック解除済み,https://item.fril.jp/8b215087f3b6304b7051e5fb823cbaa4,https://asset.fril.jp/assets/new_web/item_square_dummy-073371606399aacba3459bffff9f1412fdd6ede983e84c8ea8b71dde7f96214e.png,galaxy note8 SIMロック解除済み ギャラクシー(Galaxy)のスマホ/家電/カメラのスマートフォン/携帯電話(スマートフォン本体)の商品詳細ページへのリンク
iPhone 8 Space Gray 64 GB SIMフリー,https://item.fril.jp/a1caf2921055f29a50f2f8171968fc1c,https://asset.fril.jp/assets/new_web/item_square_dummy-073371606399aacba3459bffff9f1412fdd6ede983e84c8ea8b71dde7f96214e.png,iPhone 8 Space Gray 64 GB SIMフリー アップル(Apple)のスマホ/家電/カメラのスマートフォン/携帯電話(スマートフォン本体)の商品詳細ページへのリンク
Google Pixel4 128G Just Black,https://item.fril.jp/3ab6d0eb0dd5e6c8efe6b53c1c18cff3,https://asset.fril.jp/assets/new_web/item_square_dummy-073371606399aacba3459bffff9f1412fdd6ede983e84c8ea8b71dde7f96214e.png,Google Pixel4 128G Just Black スマホ/家電/カメラのスマートフォン/携帯電話(スマートフォン本体)の商品詳細ページへのリンク
SIMフリー iPhone7 32GB 89％ au,https://item.fril.jp/031dd74c5684032b06d013fb97adc4c1,https://asset.fril.jp/assets/new_web/item_square_dummy-073371606399aacba3459bffff9f1412fdd6ede983e84c8ea8b71dde7f96214e.png,SIMフリー iPhone7 32GB 89％ au アイフォーン(iPhone)のスマホ/家電/カメラのスマートフォン/携帯電話(スマートフォン本体)の商品詳細ページへのリンク
【新品未使用】OPPO Reno A 128GB ブラック 楽天版 SIMフリー,https://item.fril.jp/ff1a77635be5fdf067b5c0c8690499ca,https://asset.fril.jp/assets/new_web/item_square_dummy-073371606399aacba3459bffff9f1412fdd6ede983e84c8ea8b71dde7f96214e.png,【新品未使用】OPPO Reno A 128GB ブラック 楽天版 SIMフリー ラクテン(Rakuten)のスマホ/家電/カメラのスマートフォン/携帯電話(スマートフォン本体)の商品詳細ページへのリンク
iPhone SE2 2020 SIMフリー　ホワイト　本体　64GB,https://item.fril.jp/014fdead52053de4f3c9471b9cf64c63,https://asset.fril.jp/assets/new_web/item_square_dummy-073371606399aacba3459bffff9f1412fdd6ede983e84c8ea8b71dde7f96214e.png,iPhone SE2 2020 SIMフリー　ホワイト　本体　64GB アイフォーン(iPhone)のスマホ/家電/カメラのスマートフォン/携帯電話(スマートフォン本体)の商品詳細ページへのリンク
128GB SDメモリーカード新品未開封,https://item.fril.jp/5fd1739bea76b7da1082429941a417fd,https://asset.fril.jp/assets/new_web/item_square_dummy-073371606399aacba3459bffff9f1412fdd6ede983e84c8ea8b71dde7f96214e.png,128GB SDメモリーカード新品未開封 スマホ/家電/カメラのスマートフォン/携帯電話(スマートフォン本体)の商品詳細ページへのリンク
iPhone6s 64GB SIMフリー,https://item.fril.jp/6b622c584cc7eb0d192ea60726f62de1,https://asset.fril.jp/assets/new_web/item_square_dummy-073371606399aacba3459bffff9f1412fdd6ede983e84c8ea8b71dde7f96214e.png,iPhone6s 64GB SIMフリー アイフォーン(iPhone)のスマホ/家電/カメラのスマートフォン/携帯電話(スマートフォン本体)の商品詳細ページへのリンク
Lightningケーブル,https://item.fril.jp/88e454c523e5754521371bebd22c8414,https://asset.fril.jp/assets/new_web/item_square_dummy-073371606399aacba3459bffff9f1412fdd6ede983e84c8ea8b71dde7f96214e.png,Lightningケーブル アイフォーン(iPhone)のスマホ/家電/カメラのスマートフォン/携帯電話(スマートフォン本体)の商品詳細ページへのリンク
iPhone1１ 本体　64ギガ,https://item.fril.jp/8971dbf18926bfe1f6292021b81a8883,https://asset.fril.jp/assets/new_web/item_square_dummy-073371606399aacba3459bffff9f1412fdd6ede983e84c8ea8b71dde7f96214e.png,iPhone1１ 本体　64ギガ アイフォーン(iPhone)のスマホ/家電/カメラのスマートフォン/携帯電話(スマートフォン本体)の商品詳細ページへのリンク
iPhone 充電器 ライトニングケーブル純正,https://item.fril.jp/36c246bcb5aff6ae307e124be9bd3b4b,https://asset.fril.jp/assets/new_web/item_square_dummy-073371606399aacba3459bffff9f1412fdd6ede983e84c8ea8b71dde7f96214e.png,iPhone 充電器 ライトニングケーブル純正 アイフォーン(iPhone)のスマホ/家電/カメラのスマートフォン/携帯電話(スマートフォン本体)の商品詳細ページへのリンク
Lightningケーブル,https://item.fril.jp/a68803a2738f61be83798c98807714f6,https://asset.fril.jp/assets/new_web/item_square_dummy-073371606399aacba3459bffff9f1412fdd6ede983e84c8ea8b71dde7f96214e.png,Lightningケーブル アイフォーン(iPhone)のスマホ/家電/カメラのスマートフォン/携帯電話(スマートフォン本体)の商品詳細ページへのリンク
SIM FREE iPhone 6s Plus 128GB ジャンクaki635,https://item.fril.jp/01723a1347cecb4b63ab32216bffc201,https://asset.fril.jp/assets/new_web/item_square_dummy-073371606399aacba3459bffff9f1412fdd6ede983e84c8ea8b71dde7f96214e.png,SIM FREE iPhone 6s Plus 128GB ジャンクaki635 アイフォーン(iPhone)のスマホ/家電/カメラのスマートフォン/携帯電話(スマートフォン本体)の商品詳細ページへのリンク
【美品】　iPhonexs max 64gb　apple,https://item.fril.jp/c4361e21799d3e4c8f00cb44de397c3d,https://asset.fril.jp/assets/new_web/item_square_dummy-073371606399aacba3459bffff9f1412fdd6ede983e84c8ea8b71dde7f96214e.png,【美品】　iPhonexs max 64gb　apple アイフォーン(iPhone)のスマホ/家電/カメラのスマートフォン/携帯電話(スマートフォン本体)の商品詳細ページへのリンク
OPPO Reno3 A ブラック　SIMフリー　【新品未開封】,https://item.fril.jp/8ca12def8b21ebe604f683c33f5a0b0f,https://asset.fril.jp/assets/new_web/item_square_dummy-073371606399aacba3459bffff9f1412fdd6ede983e84c8ea8b71dde7f96214e.png,OPPO Reno3 A ブラック　SIMフリー　【新品未開封】 アンドロイド(ANDROID)のスマホ/家電/カメラのスマートフォン/携帯電話(スマートフォン本体)の商品詳細ページへのリンク
oppo reno a 128GB ブラック,https://item.fril.jp/66dc3a7a63a794298fc135bb6141f304,https://asset.fril.jp/assets/new_web/item_square_dummy-073371606399aacba3459bffff9f1412fdd6ede983e84c8ea8b71dde7f96214e.png,oppo reno a 128GB ブラック アンドロイド(ANDROID)のスマホ/家電/カメラのスマートフォン/携帯電話(スマートフォン本体)の商品詳細ページへのリンク
⭐️未使用品⭐️ Google Pixel 3a Clearly White,https://item.fril.jp/3fb6cce4613d486cd2c3e6b8a137a7bd,https://asset.fril.jp/assets/new_web/item_square_dummy-073371606399aacba3459bffff9f1412fdd6ede983e84c8ea8b71dde7f96214e.png,⭐️未使用品⭐️ Google Pixel 3a Clearly White スマホ/家電/カメラのスマートフォン/携帯電話(スマートフォン本体)の商品詳細ページへのリンク
iPhone SE (海外版SIMフリー、16GB),https://item.fril.jp/5e870df9d14caae3e4d3bf48a8f9708e,https://asset.fril.jp/assets/new_web/item_square_dummy-073371606399aacba3459bffff9f1412fdd6ede983e84c8ea8b71dde7f96214e.png,iPhone SE (海外版SIMフリー、16GB) アップル(Apple)のスマホ/家電/カメラのスマートフォン/携帯電話(スマートフォン本体)の商品詳細ページへのリンク
SIMフリーiPhone 7 32GB 83%,https://item.fril.jp/fda32d0cb44efe6bab404284c30025d7,https://asset.fril.jp/assets/new_web/item_square_dummy-073371606399aacba3459bffff9f1412fdd6ede983e84c8ea8b71dde7f96214e.png,SIMフリーiPhone 7 32GB 83% アイフォーン(iPhone)のスマホ/家電/カメラのスマートフォン/携帯電話(スマートフォン本体)の商品詳細ページへのリンク
iPhone8plus GOLD 256GB,https://item.fril.jp/33d7d69e94213b98b0b9a04df10c14cd,https://asset.fril.jp/assets/new_web/item_square_dummy-073371606399aacba3459bffff9f1412fdd6ede983e84c8ea8b71dde7f96214e.png,iPhone8plus GOLD 256GB  アイフォーン(iPhone)のスマホ/家電/カメラのスマートフォン/携帯電話(スマートフォン本体)の商品詳細ページへのリンク
iPhone6  au スペースグレイ 64GB バッテリー95%,https://item.fril.jp/aef5b9a1d4634b0042a683325c4a7e4f,https://asset.fril.jp/assets/new_web/item_square_dummy-073371606399aacba3459bffff9f1412fdd6ede983e84c8ea8b71dde7f96214e.png,iPhone6  au スペースグレイ 64GB バッテリー95% アイフォーン(iPhone)のスマホ/家電/カメラのスマートフォン/携帯電話(スマートフォン本体)の商品詳細ページへのリンク
docomo Xperia SO-02J,https://item.fril.jp/b27411c4fb258ef648fc4097aa4df43f,https://asset.fril.jp/assets/new_web/item_square_dummy-073371606399aacba3459bffff9f1412fdd6ede983e84c8ea8b71dde7f96214e.png,docomo Xperia SO-02J エヌティティドコモ(NTTdocomo)のスマホ/家電/カメラのスマートフォン/携帯電話(スマートフォン本体)の商品詳細ページへのリンク
ワイモバイル　モバイルルーター　Pocket Wifi 303HW,https://item.fril.jp/0da2de83433714e5e7f95d101736cc85,https://asset.fril.jp/assets/new_web/item_square_dummy-073371606399aacba3459bffff9f1412fdd6ede983e84c8ea8b71dde7f96214e.png,ワイモバイル　モバイルルーター　Pocket Wifi 303HW スマホ/家電/カメラのスマートフォン/携帯電話(スマートフォン本体)の商品詳細ページへのリンク
iPhoneSE gold 16GB 本体+付属品(イヤホン未使用),https://item.fril.jp/4831c64ea8af2f3b193e1d6c7e556d87,https://asset.fril.jp/assets/new_web/item_square_dummy-073371606399aacba3459bffff9f1412fdd6ede983e84c8ea8b71dde7f96214e.png,iPhoneSE gold 16GB 本体+付属品(イヤホン未使用) アップル(Apple)のスマホ/家電/カメラのスマートフォン/携帯電話(スマートフォン本体)の商品詳細ページへのリンク
Apple iPhone XS 256GB SIMフリー,https://item.fril.jp/a3417f82a3fd6606157e4d529a13ae89,https://asset.fril.jp/assets/new_web/item_square_dummy-073371606399aacba3459bffff9f1412fdd6ede983e84c8ea8b71dde7f96214e.png,Apple iPhone XS 256GB SIMフリー アイフォーン(iPhone)のスマホ/家電/カメラのスマートフォン/携帯電話(スマートフォン本体)の商品詳細ページへのリンク
【新品未開封】HUAWEI nova 5T SIMフリー版 パープル,https://item.fril.jp/a081afb1b23538ecc530c60607cfd340,https://asset.fril.jp/assets/new_web/item_square_dummy-073371606399aacba3459bffff9f1412fdd6ede983e84c8ea8b71dde7f96214e.png,【新品未開封】HUAWEI nova 5T SIMフリー版 パープル アンドロイド(ANDROID)のスマホ/家電/カメラのスマートフォン/携帯電話(スマートフォン本体)の商品詳細ページへのリンク
SHARP AQUOS sense lite SH-M05 simフリー BK,https://item.fril.jp/20f2a9f331e368122d3d43f1e93438cd,https://asset.fril.jp/assets/new_web/item_square_dummy-073371606399aacba3459bffff9f1412fdd6ede983e84c8ea8b71dde7f96214e.png,SHARP AQUOS sense lite SH-M05 simフリー BK アクオス(AQUOS)のスマホ/家電/カメラのスマートフォン/携帯電話(スマートフォン本体)の商品詳細ページへのリンク
iPhone,https://item.fril.jp/27e94459ee98c5f025c56515105bebab,https://asset.fril.jp/assets/new_web/item_square_dummy-073371606399aacba3459bffff9f1412fdd6ede983e84c8ea8b71dde7f96214e.png,iPhone アップル(Apple)のスマホ/家電/カメラのスマートフォン/携帯電話(スマートフォン本体)の商品詳細ページへのリンク
iPhone SE2 (第2世代) 64GBblack SIMフリー新品未開封,https://item.fril.jp/b74fcb9dd2a7fa814f62829cd0fb487b,https://asset.fril.jp/assets/new_web/item_square_dummy-073371606399aacba3459bffff9f1412fdd6ede983e84c8ea8b71dde7f96214e.png,iPhone SE2 (第2世代) 64GBblack SIMフリー新品未開封  アップル(Apple)のスマホ/家電/カメラのスマートフォン/携帯電話(スマートフォン本体)の商品詳細ページへのリンク
iPhone,https://item.fril.jp/198248e5957499a333fea8d91755d89e,https://asset.fril.jp/assets/new_web/item_square_dummy-073371606399aacba3459bffff9f1412fdd6ede983e84c8ea8b71dde7f96214e.png,iPhone アップル(Apple)のスマホ/家電/カメラのスマートフォン/携帯電話(スマートフォン本体)の商品詳細ページへのリンク
iPhone11 グリーン　128GB simフリー,https://item.fril.jp/f830f1898fe9491273575906b85d4eb2,https://asset.fril.jp/assets/new_web/item_square_dummy-073371606399aacba3459bffff9f1412fdd6ede983e84c8ea8b71dde7f96214e.png,iPhone11 グリーン　128GB simフリー アイフォーン(iPhone)のスマホ/家電/カメラのスマートフォン/携帯電話(スマートフォン本体)の商品詳細ページへのリンク
SoftBank iPhone 6s Plus 64GB ジャンク aki634,https://item.fril.jp/145c8c30588237f2df247c0a24ac360e,https://asset.fril.jp/assets/new_web/item_square_dummy-073371606399aacba3459bffff9f1412fdd6ede983e84c8ea8b71dde7f96214e.png,SoftBank iPhone 6s Plus 64GB ジャンク aki634 アイフォーン(iPhone)のスマホ/家電/カメラのスマートフォン/携帯電話(スマートフォン本体)の商品詳細ページへのリンク
中古スマホ honor6Plus,https://item.fril.jp/4b0dd764278ba11b33cfa96ad4847afd,https://asset.fril.jp/assets/new_web/item_square_dummy-073371606399aacba3459bffff9f1412fdd6ede983e84c8ea8b71dde7f96214e.png,中古スマホ honor6Plus  アンドロイド(ANDROID)のスマホ/家電/カメラのスマートフォン/携帯電話(スマートフォン本体)の商品詳細ページへのリンク
au Apple  iPhone6 A1586 NG4H2J/A 64GB,https://item.fril.jp/36faf8e63bfae123135e4d5a4e55c3bf,https://asset.fril.jp/assets/new_web/item_square_dummy-073371606399aacba3459bffff9f1412fdd6ede983e84c8ea8b71dde7f96214e.png,au Apple  iPhone6 A1586 NG4H2J/A 64GB スマホ/家電/カメラのスマートフォン/携帯電話(スマートフォン本体)の商品詳細ページへのリンク
iPhone XS ゴールド 256GB docomo SIMフリー アイフォン,https://item.fril.jp/8e4ab7e41e692135df7a84d696941dbc,https://asset.fril.jp/assets/new_web/item_square_dummy-073371606399aacba3459bffff9f1412fdd6ede983e84c8ea8b71dde7f96214e.png,iPhone XS ゴールド 256GB docomo SIMフリー アイフォン アップル(Apple)のスマホ/家電/カメラのスマートフォン/携帯電話(スマートフォン本体)の商品詳細ページへのリンク
ATiC iPad 10.2 キーボード ケース 第7世代 2019モデル Bl,https://item.fril.jp/76a5ef4d660fa479d0d716304dede3d6,https://asset.fril.jp/assets/new_web/item_square_dummy-073371606399aacba3459bffff9f1412fdd6ede983e84c8ea8b71dde7f96214e.png,ATiC iPad 10.2 キーボード ケース 第7世代 2019モデル Bl スマホ/家電/カメラのスマートフォン/携帯電話(スマートフォン本体)の商品詳細ページへのリンク
